1,1.1,2,2.1,3,3.1,4,4.1,5,5.1,6,6.1,6.2,6.3,7,7.1,7.2,7.3,7.4,7.5,8,8.1,8.2,8.3,8.4,8.5,9,9.1,10,10.1,11,11.1,12,12.1,12.2,12.3,12.4,13,13.1,13.2,13.3,13.4,13.5,14,14.1,15,15.1,16,16.1,16.2,16.3,16.4,16.5,16.6,16.7,17,17.1,17.2,17.3,17.4,17.5,17.6
numeric,numeric,numeric,numeric,numeric,numeric,numeric,numeric,numeric,numeric,numeric,numeric,numeric,numeric,numeric,numeric,numeric,numeric,numeric,numeric,numeric,numeric,numeric,numeric,numeric,numeric,numeric,numeric,numeric,numeric,numeric,numeric,numeric,numeric,numeric,numeric,numeric,numeric,numeric,numeric,numeric,numeric,numeric,numeric,numeric,numeric,numeric,numeric,numeric,numeric,numeric,numeric,numeric,numeric,numeric,numeric,numeric,numeric,numeric,numeric,numeric,numeric
56.05574417114258,92.03103637695312,3.391575574874878,38.65968322753906,26.203819274902344,-49.71556854248047,47.4610366821289,26.746612548828125,-35.898860931396484,-1.8891807794570925,5.898688316345215,-43.69232177734375,-47.66426467895508,12.2841215133667,1.5665380954742432,-13.042585372924805,-1.8552596569061282,-39.80590057373047,-30.831512451171875,-61.13700866699219,-25.82785606384277,39.02416229248047,-29.97164535522461,-6.1323723793029785,-56.75698852539063,0.2101360559463501,-33.01984405517578,2.9784927368164062,-8.327313423156737,15.077152252197266,-10.35627269744873,18.01881599426269,-63.29214477539063,-75.9951171875,-35.44591522216797,-99.3927230834961,-73.01741790771484,-18.968013763427734,14.880836486816404,-47.75459671020508,14.73847484588623,-16.853010177612305,-34.217819213867195,-66.33069610595703,-5.723308563232423,-32.08142852783203,-76.85454559326172,13.468185424804688,68.45629119873047,19.31100845336914,30.17892837524414,60.526405334472656,0.6079040169715881,-70.27054595947266,77.36577606201172,-21.73455047607422,1.0282527208328247,7.7917842864990225,68.90372467041016,-10.520872116088867,120.49046325683594,-39.686431884765625
55.5472526550293,43.6900749206543,-65.49598693847656,-13.974522590637207,-28.27496337890625,-39.05012893676758,-1.2106596231460571,-19.012897491455078,19.568010330200195,15.902982711791992,-23.231822967529297,-10.745866775512695,10.269545555114746,31.27583122253418,-26.30948829650879,-18.0770263671875,-10.259323120117188,-43.488677978515625,-63.96562957763672,47.78985595703125,-7.910674571990968,37.951271057128906,-9.677253723144533,-52.37350845336914,6.007475852966309,9.637691497802734,7.8559889793396,-1.527979016304016,6.175285816192628,-16.031373977661133,5.727298259735107,72.07283020019531,-40.54705810546875,-38.19401168823242,-56.60818481445313,-98.99261474609376,-82.66967010498047,-64.5064697265625,4.3486294746398935,-84.35491943359375,23.79228210449219,8.927006721496582,-19.73240089416504,25.67934989929199,22.786357879638672,-13.500933647155762,-12.818994522094727,58.72330093383789,73.05491638183594,72.22550201416016,89.64704895019531,73.12434387207031,57.49507141113281,-76.39321899414062,127.26136016845705,-13.035799026489258,46.3818244934082,-15.752449989318848,31.00033187866211,-39.607521057128906,24.76401138305664,-36.7710075378418
60.99776840209961,63.43879318237305,-51.10858154296875,-13.561346054077148,-18.842947006225586,-1.2146592140197754,-65.5758056640625,-85.77742767333984,19.247453689575195,37.20941925048828,2.3921527862548833,16.509109497070312,-5.3142356872558585,2.372976303100586,-7.342167854309082,-24.550989151000977,1.7746120691299438,32.257949829101555,-1.8350275754928589,-29.46440124511719,-74.94315338134766,-15.261616706848145,25.80698013305664,-46.59333801269531,25.265586853027344,5.462774753570557,17.450323104858402,15.149142265319824,-8.669070243835451,-9.739175796508787,-35.58858871459961,-17.97899627685547,-10.658048629760742,-37.4817008972168,-48.848609924316406,-58.19385528564453,-7.808379650115968,-53.98554229736328,-21.30841827392578,-64.17073822021484,8.968520164489746,1.4135836362838743,-4.955075263977051,29.660667419433594,-14.237561225891113,15.600105285644533,-28.89175033569336,36.93854904174805,61.34487915039063,42.4599838256836,33.834400177001946,13.884751319885256,28.31736946105957,9.063977241516113,45.4932632446289,26.0334415435791,34.21220016479492,1.326109766960144,-22.58075714111328,12.985169410705565,-75.02745056152344,6.434262275695801
18.514867782592773,12.65715789794922,-34.576602935791016,-32.665958404541016,-7.420454025268555,17.119447708129886,-41.80086898803711,-58.61018371582031,32.896915435791016,11.19961929321289,-14.665752410888672,2.0737154483795166,32.634334564208984,45.82540893554688,-47.63299942016602,-6.5802154541015625,-2.768599271774292,-25.282215118408203,-14.930727005004885,10.12342929840088,-106.99407958984376,-21.723146438598636,-20.490711212158203,11.527936935424805,-68.26265716552734,-3.1320295333862305,17.40562629699707,20.108774185180664,-7.76540994644165,-8.737941741943361,1.385166883468628,12.313684463500975,13.992867469787598,-29.30874252319336,-14.997897148132324,15.300610542297365,1.7891212701797483,-41.10733413696289,-17.331886291503903,-40.61281967163086,19.627727508544922,49.20874786376953,1.6612931489944458,58.21481323242188,11.480132102966307,38.754798889160156,6.445356369018555,-14.411023139953613,1.1672042608261108,42.53268814086914,9.161953926086426,21.52173614501953,71.43962860107422,65.84297943115234,-10.69754695892334,55.29746627807617,4.2550063133239755,-2.420143842697144,12.098393440246582,-15.819171905517578,-37.36143112182617,-4.650953769683838
-2.5273923873901367,-63.10466766357422,-13.8141508102417,-15.83798885345459,-45.21692657470703,3.4835495948791504,-62.61333465576172,-49.07650756835938,18.396759033203125,3.2190773487091064,-41.856910705566406,-24.690414428710934,-33.975418090820305,-24.149667739868164,-6.3156514167785645,-29.344135284423828,-52.69625854492188,-41.71394729614258,-13.849935531616213,-58.44736099243164,23.60533905029297,24.29047775268555,32.85591506958008,-19.030916213989254,-2.6034843921661377,1.4218947887420654,-6.299030303955077,10.706376075744627,-12.581364631652832,8.727492332458496,49.3569221496582,51.73290252685547,31.9520263671875,51.82754135131836,44.46638488769531,48.752403259277344,32.32987594604492,-18.740890502929688,-10.787349700927734,34.94314956665039,55.85308837890625,46.73731994628906,4.586625099182129,-5.739993095397949,5.046613693237305,38.81648254394531,38.395301818847656,3.1459546089172363,-2.231750726699829,54.10055923461914,61.57827377319336,11.236470222473145,95.59756469726562,50.96045303344727,-23.19729995727539,43.06756210327149,52.21987533569336,28.23288154602051,-11.71975040435791,5.453648567199707,5.169828414916992,87.80913543701172
-24.90679168701172,-51.19189453125,-29.86799430847168,-27.840293884277344,-24.45510673522949,47.115760803222656,-48.46282196044922,-35.40941619873047,-15.90056610107422,18.471721649169922,6.494039058685303,4.887848377227783,33.342700958251946,29.5980281829834,-27.019466400146484,-17.850940704345703,-11.3462495803833,-37.19195938110352,-6.1129093170166025,-32.350902557373054,4.688098907470703,9.486882209777832,-24.074737548828125,-45.85346603393555,-5.179164409637451,-26.11222648620605,12.15192699432373,25.07245635986328,16.277210235595707,-13.823358535766602,32.66470718383789,45.81920623779297,55.05752182006836,12.181928634643555,16.945438385009766,21.188705444335934,47.67161178588867,-23.753477096557614,-25.90497589111328,37.99667739868164,-0.5783458352088928,55.88626480102539,-3.1673412322998047,67.46831512451172,3.0850837230682373,11.684563636779785,18.349597930908203,-23.2132568359375,-27.84366607666016,25.4172420501709,8.055275917053223,41.7603759765625,71.70707702636719,108.20982360839844,-38.98595428466797,56.43561553955078,11.073355674743652,22.7122859954834,-24.315147399902344,11.061019897460938,-51.8962516784668,63.12318420410156
17.273710250854492,0.5400829315185547,18.649370193481445,-9.105488777160645,-2.1172263622283936,87.95771026611328,-16.89242172241211,-30.35905265808105,31.080501556396484,-23.428695678710934,35.70369338989258,33.255504608154304,30.79866981506348,58.19707870483398,-37.97346878051758,34.52553939819336,-5.571605205535889,-44.40774536132813,3.8828163146972656,-27.82321739196777,-63.69575881958008,-86.87946319580078,-40.66967391967773,-146.61373901367188,-53.933753967285156,-41.12501907348633,25.11468505859375,-5.331361293792725,-8.083478927612305,-5.697968006134032,12.12815761566162,-23.981752395629886,49.36304092407226,-56.45546340942383,5.316143035888672,-25.85283851623535,28.731847763061523,-34.83834457397461,-24.45505142211914,53.64355087280274,-41.04745864868164,4.337507247924806,35.35541915893555,53.22123718261719,-18.94631767272949,4.696020126342773,-19.69223976135254,-53.13138198852539,-54.43929672241211,69.63450622558594,-53.58441543579102,30.93445587158203,21.22088050842285,112.86585235595705,-11.026081085205078,43.089622497558594,18.862913131713867,58.88899993896485,-48.4278450012207,-1.9686769247055051,-88.8005599975586,79.81661224365234
20.712934494018555,10.650232315063477,9.156902313232422,-15.88046646118164,1.9488062858581543,51.9166030883789,-23.10546684265137,-10.48654842376709,46.23005294799805,1.6494482755661009,31.022008895874023,29.58278083801269,28.548105239868164,69.27223205566406,-18.621257781982425,45.90061950683594,32.81634521484375,-43.939857482910156,25.36025047302246,32.677005767822266,-52.53929138183594,-40.090065002441406,-56.497802734375,-57.88869857788086,-82.91243743896484,-27.55285453796387,17.602718353271484,38.1697883605957,2.5140905380249023,-10.764117240905762,-92.4279556274414,-64.45790863037111,13.797393798828125,-47.67951583862305,-9.306351661682127,-22.64097595214844,57.792686462402344,-47.7974624633789,-60.112159729003906,24.26659965515137,-15.119402885437012,-6.275118350982666,37.07215881347656,56.49210739135742,-44.54212188720703,26.542095184326172,40.45604705810547,-17.019512176513672,-42.46398162841797,-11.31690502166748,-20.320636749267575,10.667512893676758,1.960933208465576,128.10523986816406,-20.091087341308594,70.87296295166016,5.356584548950195,2.4634158611297607,-71.22746276855469,-23.842552185058594,-81.41255187988281,41.046146392822266
48.215309143066406,46.36944961547852,30.311281204223636,21.030553817749023,-14.135848999023438,13.317878723144533,24.96527099609375,22.77110290527344,16.624685287475586,38.64507293701172,7.370727062225343,16.81728172302246,-2.206378936767578,-11.48245620727539,-29.70126533508301,17.97444725036621,9.927104949951172,-14.39247989654541,15.73864459991455,37.323768615722656,-18.86729431152344,25.40323638916016,-134.1319580078125,-61.9996566772461,-56.50249099731445,-7.709141731262207,11.180590629577637,31.116443634033203,-1.1758486032485962,-0.6768268942832947,-91.49742889404295,-27.31968688964844,-32.69934463500977,-25.472862243652344,-35.107776641845696,-42.47927474975586,25.75062561035156,-36.11967468261719,-30.566341400146484,-9.414250373840332,23.31301498413086,-41.99967575073242,-47.20861053466797,-42.396087646484375,-17.875993728637695,49.232421875,65.37061309814453,-24.59990692138672,-5.332167625427246,-85.71055603027344,-21.275827407836914,29.43241310119629,-62.8012809753418,28.770023345947266,16.215826034545902,-2.414806604385376,-25.55682945251465,-27.57175254821777,-8.465719223022461,-61.06431198120117,-17.90193748474121,-19.341840744018555
2.6325457096099854,33.998897552490234,8.142659187316895,42.57246017456055,0.6441326141357422,9.879409790039062,29.57599449157715,30.350440979003906,4.341113567352295,28.691850662231445,-12.573429107666016,-2.265503406524658,-44.60356903076172,-39.200416564941406,-38.84319305419922,26.15546989440918,-14.006221771240234,-29.60362243652344,-37.85528945922852,-7.583730220794678,-15.58126735687256,-27.49538612365723,-73.70088195800781,-37.772422790527344,11.88624095916748,21.57215118408203,17.305597305297848,9.813629150390623,-12.317511558532715,-0.7431884407997131,-43.10216522216797,-16.381416320800778,-85.27864074707031,-38.78248977661133,-49.659706115722656,-95.8698272705078,7.313427448272705,-10.184666633605957,-0.11400549113750458,-48.75065994262695,41.10280990600586,22.111894607543945,-22.41048812866211,-85.36707305908203,-27.57370376586914,27.99723625183105,108.20928955078124,31.612438201904297,26.18332672119141,-48.11346435546875,10.995609283447266,65.23697662353516,22.89054107666016,-39.99138259887695,43.338600158691406,-14.89726734161377,39.84832382202149,16.728914260864258,73.40428161621094,-39.64643096923828,53.4371452331543,-5.465956687927246
25.92596435546875,-15.77474880218506,54.6598129272461,80.34854888916016,27.5369815826416,47.93737411499024,42.101318359375,49.02560043334961,-5.077272891998291,-28.57894325256348,38.74748992919922,-2.337967872619629,-48.46545028686523,-31.57625770568848,-20.139812469482425,0.9975757598876952,1.8887639045715328,2.762716770172119,-58.87665939331055,-114.0230712890625,2.1360671520233154,-12.836286544799805,-30.985462188720703,-27.39333534240723,56.5472412109375,-16.120916366577152,4.016550540924071,7.068922519683838,-14.975762367248535,-0.9220718741416932,-49.08459854125977,-75.60957336425781,-81.85733032226562,-37.63957214355469,-53.52651977539063,-33.56485366821289,-55.59989547729492,-27.97229194641113,-4.505995750427246,-81.5896224975586,4.655960559844972,-55.07365798950195,-28.12255096435547,-58.789772033691406,2.963185310363769,-43.15842056274414,36.61919403076172,6.229617595672607,0.4114099740982056,-65.43328094482422,-6.170095443725586,55.47608184814453,2.0362503528594966,-52.86011505126953,47.74828338623047,-18.635520935058594,43.81966018676758,5.793301105499268,101.11161041259766,-23.737102508544922,21.51426315307617,-10.237661361694336
-56.42181396484375,-74.31371307373047,-22.430784225463867,22.26899528503418,29.032285690307614,73.26942443847656,24.1014461517334,41.09394836425781,-38.17558288574219,-5.696390151977539,25.065927505493164,41.52400207519531,33.376827239990234,-46.73039245605469,-49.89953231811523,38.54246520996094,23.362165451049805,90.17062377929688,-55.52850341796875,-73.43669891357422,-2.991687774658203,14.571227073669435,-39.43693542480469,11.107300758361816,55.42144012451172,24.56643295288086,0.027557706460356712,-11.177085876464844,-20.874958038330078,4.875039100646973,-22.910335540771484,-34.191635131835945,-31.72711753845215,2.0051443576812744,13.234034538269045,-12.030437469482422,-12.979818344116213,-23.471227645874023,-2.6737961769104004,-1.0994248390197754,26.30147933959961,0.5087414383888245,-19.54264640808105,-15.25849437713623,13.293538093566895,-53.89299392700195,35.54507064819336,22.360536575317386,2.3679423332214355,-22.887094497680664,-12.32984733581543,-13.697489738464355,29.31868553161621,11.448577880859375,81.84034729003906,7.765820026397705,29.00666427612305,-0.3207019567489624,16.183874130249027,-30.08856964111328,17.721595764160156,0.3083731234073639
-20.486719131469727,-18.707275390625,-8.405786514282228,10.911598205566406,6.834341526031494,33.627548217773445,8.79491138458252,6.194620132446289,-16.16900634765625,-16.451103210449222,40.97101211547852,10.03644561767578,-22.25124740600586,-17.20151710510254,-32.43829727172852,4.005716323852538,-62.22700500488281,-23.17519760131836,-64.50930023193361,-65.43985748291016,-6.481773376464844,37.464752197265625,-27.275638580322266,-17.865501403808594,-23.96956825256348,15.48917293548584,-9.270329475402832,22.027904510498047,27.80150604248047,5.1842193603515625,12.251684188842773,53.142295837402344,0.09651923179626463,28.59686851501465,15.690825462341307,57.48770141601562,-45.53888320922852,16.34345817565918,-7.927446365356445,52.71833038330078,25.209503173828125,10.366880416870117,62.25130462646485,-47.99004364013672,-42.108177185058594,54.40804290771485,43.584083557128906,-37.7495002746582,28.137638092041016,-11.347432136535645,23.674545288085934,48.27000427246094,-34.897838592529304,26.06122589111328,58.97200775146485,-11.258546829223633,18.986278533935547,22.82738494873047,20.753314971923828,-15.757208824157715,55.46886825561523,-14.726716995239258
-29.46601867675781,-38.97297286987305,-44.62336730957031,-15.115206718444824,-12.154547691345215,-7.261044979095459,-8.7900390625,-14.007577896118164,6.017861366271973,0.07059252262115479,-11.256913185119627,-60.76382827758789,-7.054743766784668,14.694604873657227,-5.25441312789917,-49.6071662902832,-16.775100708007812,-21.24543571472168,-56.58605575561523,-99.23771667480469,-26.33690643310547,39.83169555664063,51.13060760498047,7.889187335968018,-33.295921325683594,36.165374755859375,24.702075958251953,11.347284317016602,-13.13229274749756,-5.441514015197754,51.49990844726562,74.29156494140625,-7.899256229400635,42.97338104248047,44.1927375793457,16.638452529907227,-20.74040985107422,-15.352794647216795,5.82813835144043,71.07840728759766,39.6644287109375,46.91429138183594,13.29003620147705,27.76466178894043,5.7701663970947275,39.98443603515625,92.166015625,-28.576478958129886,-5.239089488983153,57.44477844238281,83.76629638671875,28.58891487121582,54.6150016784668,50.74758911132813,67.93879699707031,6.480776786804199,47.14813613891602,-25.27258491516113,20.93616485595703,-6.511287212371826,-3.7719342708587646,19.261005401611328
-4.389783859252931,-47.51335906982422,37.16338348388672,-2.465017318725586,1.3093246221542358,-23.85207176208496,-3.335904359817505,-2.8855457305908203,20.038055419921875,-8.326095581054688,-46.148338317871094,-15.537796974182127,-52.69108963012695,-10.34566879272461,-51.58672714233398,-21.750391006469727,-3.942217111587525,-32.311641693115234,-61.82786560058594,-68.45909118652344,-7.575125694274902,1.5793284177780151,24.187129974365234,8.656037330627441,1.6526226997375488,-4.24336576461792,19.008899688720703,9.24249267578125,5.467021942138672,6.011979579925537,32.07748413085937,30.89654922485352,12.327933311462402,11.006586074829102,-15.003379821777346,59.25084686279297,11.793671607971193,-28.44260215759277,22.606767654418945,-33.083045959472656,32.045169830322266,32.35660934448242,45.24720001220703,76.71394348144531,38.15754699707031,28.97441101074219,107.79733276367188,-33.41626739501953,-4.8784050941467285,11.62883758544922,68.65037536621094,-3.144179344177246,26.069581985473636,27.10124397277832,26.14088249206543,-17.397573471069336,-34.13585662841797,-30.77999496459961,19.28981208801269,28.44813346862793,20.78366470336914,-19.764381408691406
-18.445438385009766,-13.10137939453125,29.97665405273437,23.51808738708496,2.768351793289185,-34.16914749145508,2.9590184688568115,-15.972172737121582,34.930843353271484,20.49529457092285,-17.834678649902344,-29.141489028930664,-46.0654411315918,-21.35053253173828,37.63535690307617,-31.641511917114254,-21.41093635559082,-20.798734664916992,1.808119535446167,-102.88928985595705,33.56895065307617,-14.521966934204102,9.60595417022705,-15.490015029907227,-8.27571964263916,-1.9686846733093264,36.85986709594727,1.7600220441818235,-14.717076301574707,3.90265154838562,-2.3011243343353267,38.47283554077149,22.643896102905273,1.85186231136322,4.244597911834717,-1.8497153520584104,-18.754438400268555,-35.34732437133789,9.730018615722656,-7.7904534339904785,-5.416504859924316,16.362680435180664,14.11880588531494,59.15771102905274,37.26969909667969,22.417049407958984,68.2215576171875,-22.066823959350586,6.0544633865356445,6.103618621826173,57.2549057006836,-6.1539878845214835,10.215787887573242,18.57801055908203,-18.487716674804688,-16.542579650878903,10.109452247619627,-32.360069274902344,-18.660051345825195,37.72230911254883,76.00984191894531,-32.095149993896484
-4.452083110809326,17.155952453613278,33.558406829833984,34.397972106933594,-5.8633790016174325,9.20853328704834,36.2285041809082,3.92244815826416,-12.001194953918455,20.448856353759766,32.83038711547852,15.196656227111815,-26.91962814331055,-17.6365909576416,-14.676992416381836,-29.35461616516113,-32.273223876953125,-7.0804290771484375,0.839203417301178,-37.30319595336914,-23.97554016113281,-39.78086853027344,-42.50178527832031,-57.49163436889648,25.832672119140625,25.470443725585934,-2.874758005142212,-18.766040802001953,7.450978755950928,-6.64665412902832,-18.99749755859375,34.264442443847656,0.7224722504615784,8.200836181640625,40.12236785888672,21.79784202575684,8.627528190612793,-13.477231979370115,-24.58245658874512,-21.650440216064453,-59.43232345581055,-36.675941467285156,48.15949249267578,33.409950256347656,25.55355453491211,-23.64338493347168,-24.076648712158203,8.385553359985353,-63.41537857055664,-1.0086156129837036,-9.569289207458496,-8.229377746582031,-6.8290138244628915,-45.72415542602539,-2.129183292388916,-13.229391098022461,-14.15742015838623,-44.64008712768555,-74.51631927490234,38.4715690612793,34.32636260986328,-15.103212356567385
-39.546295166015625,-18.9571475982666,-7.976241111755371,-3.5310790538787837,-5.77384614944458,9.264918327331543,-7.9751834869384775,34.16439819335937,-25.074262619018555,28.7343692779541,-23.798439025878906,-9.825546264648438,24.69253158569336,-14.577383995056152,8.456046104431152,-0.2626527547836304,-8.313907623291017,-34.30304336547852,54.08446884155274,-23.269079208374023,-43.33919906616211,19.045276641845703,-9.479588508605957,-29.85930824279785,-43.44850158691406,-2.98419189453125,7.691733837127685,8.551487922668457,6.299582958221436,-8.208555221557617,57.42533493041992,56.866111755371094,-14.70388126373291,-11.679847717285154,65.64566802978516,85.18832397460938,46.92995071411133,-31.347753524780273,-47.99603271484375,91.90259552001952,12.560266494750975,27.317270278930664,50.89522171020508,-0.8047747611999512,40.06424331665039,-41.69881057739258,-38.6714973449707,-7.085131645202638,12.47850513458252,14.542779922485352,49.838462829589844,37.582557678222656,49.91410827636719,18.618200302124023,81.01895904541016,-10.650134086608887,-3.759000301361084,-48.40174865722656,-11.744622230529785,-13.610374450683596,-46.598594665527344,8.662385940551758
-46.29113388061523,11.07896327972412,-45.2288703918457,-2.8452823162078857,-6.179867267608643,20.13189125061035,-6.460702896118164,-13.874922752380373,-20.737993240356445,39.31502914428711,-6.919140815734862,-27.20398330688477,-19.738740921020508,32.534263610839844,-13.783831596374512,7.233948230743407,29.58935165405273,-30.400165557861328,6.432811260223389,-129.06770324707028,-8.560275077819824,-40.07438278198242,-34.156089782714844,-78.79621887207031,58.55546188354492,33.71077346801758,13.802510261535645,21.807640075683594,-0.8184443712234497,14.217966079711914,101.08628845214844,64.70930480957031,20.392972946166992,-36.90995788574219,13.792468070983887,18.21254539489746,45.81313705444336,-41.97502136230469,-57.9805679321289,84.28852081298828,-14.86648654937744,5.5261759757995605,40.83433151245117,42.8991584777832,76.18943786621094,-0.5307812690734863,132.4998779296875,21.838626861572266,-7.758962154388428,20.04014205932617,18.162677764892575,58.89248275756836,50.55953979492188,15.981891632080078,16.855541229248047,-7.0238380432128915,6.322508811950684,-64.27702331542969,-47.45000839233398,-28.18155670166016,-45.41712951660156,-25.33452224731445
-5.8993568420410165,4.405511856079102,0.08072810620069504,1.2709002494812012,1.2751381397247314,7.154181957244872,2.149699449539185,3.389193296432495,0.2351524978876114,3.295796632766724,-0.35486844182014465,0.05604550987482071,1.7300562858581543,3.8834691047668457,2.1525440216064453,4.4072465896606445,3.647095203399658,0.8841723799705505,3.1007721424102783,-2.093761920928955,0.05787628889083862,-4.146319389343262,0.8426921367645264,0.7415143251419067,2.13576078414917,2.88801383972168,0.19432294368743894,2.858790636062622,-0.4638799130916596,-0.6837498545646667,-2.952064752578736,-5.350407600402832,2.312350988388061,-0.6672595739364624,4.1141929626464835,2.9351720809936523,4.765208721160889,-4.696230888366699,-10.408533096313477,5.076767921447754,-6.20955228805542,-6.9217472076416025,-0.08609836548566817,1.9240318536758425,2.7239186763763428,2.373981237411499,1.333299994468689,-3.968626976013184,-3.9342255592346187,-2.5165722370147705,0.07544482499361037,0.5710378885269165,-1.9860302209854128,-7.259636402130128,-0.38199055194854736,-3.605726480484009,-1.004348874092102,-11.259474754333494,-11.210288047790527,-0.2647707462310791,-0.8888618350028992,-8.270848274230957
0.5604530572891235,35.86621856689453,24.45002746582031,31.679840087890625,16.254497528076172,90.16315460205078,23.97650909423828,61.11900329589844,18.228313446044922,3.5140149593353267,-18.75958824157715,0.949558436870575,33.64229965209961,95.69207763671876,52.02219772338867,48.74270629882813,41.86398315429688,24.00446891784668,42.543312072753906,-12.103063583374025,8.015058517456055,-48.9680061340332,14.07017421722412,59.434974670410156,26.67031478881836,45.32958984375,0.226726308465004,12.220078468322756,-8.161380767822267,-23.681011199951172,-132.15672302246094,-187.33297729492188,18.795543670654297,23.970792770385746,30.3531436920166,17.671859741210938,12.148040771484375,-14.917519569396973,-90.46829223632812,5.231151103973389,-67.70766448974611,-103.18107604980469,-7.067133903503418,8.494386672973633,-0.0970928519964218,7.910134315490723,-40.04448318481445,-71.70746612548828,-79.55594635009766,-87.97480010986328,-51.16386413574219,-39.45023727416992,-75.3877182006836,-42.02395248413086,-26.623645782470703,-64.92243957519531,-41.34647750854492,-35.3553466796875,-63.07796859741211,35.719600677490234,61.04215621948242,-43.62008666992188
-19.945114135742188,24.615583419799805,49.79893112182617,30.973711013793945,10.343500137329102,13.126060485839846,25.482967376708984,59.22539901733398,6.926406383514403,-3.371913194656372,9.07840061187744,-8.206392288208008,39.81996154785156,-14.527300834655762,75.44158172607422,60.12682342529297,30.523496627807614,-10.54337215423584,34.974227905273445,98.78124237060548,49.48079681396485,4.184371471405028,83.6101303100586,61.11205673217773,59.79211044311523,-30.75002670288086,-6.5046892166137695,2.7956104278564453,-11.159819602966307,-22.70732116699219,-38.25688171386719,-65.76966857910156,37.46933364868164,49.927955627441406,39.08645248413086,48.70319747924805,29.228473663330078,2.137749195098877,-29.51550102233887,-27.13192176818848,-56.582679748535156,-88.62217712402344,-2.8538744449615483,-0.44448360800743103,-41.18949890136719,62.292442321777344,15.20518398284912,-50.9189567565918,-0.2517891526222229,-96.8780288696289,-62.51101684570313,4.76137638092041,-145.70118713378906,-134.71194458007812,-61.186607360839844,-41.24131774902344,-61.03372192382813,-19.820507049560547,-29.170568466186523,29.974048614501953,18.97161293029785,-62.36677551269531
-16.305347442626953,-15.824548721313475,37.72407150268555,47.29110336303711,-3.8057398796081534,-56.30646514892578,40.48880386352539,26.910871505737305,-33.36046600341797,-35.89671325683594,-8.892143249511719,0.24213714897632602,-41.22004318237305,-92.6052703857422,30.7860164642334,24.329139709472656,19.27688217163086,41.71536254882813,30.880842208862305,76.47659301757812,17.209606170654293,42.81578063964844,9.23782444000244,39.21554946899414,83.0673599243164,29.274328231811523,4.892366409301758,2.592845678329468,-19.117305755615234,-0.007628093007951975,64.61384582519531,28.355409622192386,-16.835418701171875,1.452209711074829,16.027494430541992,-0.10600303858518599,-40.212791442871094,12.381671905517578,-2.4785373210906982,17.508771896362305,-26.38726234436035,-21.353487014770508,-10.915532112121582,9.404521942138672,25.79918670654297,41.47410583496094,36.67791748046875,29.76760292053223,-23.63163757324219,-23.24414825439453,-51.17239761352539,28.4351806640625,-66.73892974853516,-89.87995910644531,7.67858076095581,-13.513766288757324,-56.15841674804688,5.067333698272705,-10.628150939941406,19.18693351745605,-6.230216979980469,16.06695556640625
-18.826845169067386,-31.08311462402344,-6.768689632415772,-34.910385131835945,6.819852352142334,-77.99185180664062,35.50603103637695,60.706031799316406,-51.35368728637695,-33.09968948364258,6.714552402496338,-12.02193546295166,7.590272426605225,-19.850980758666992,17.923656463623047,-6.997166633605957,45.06784439086914,24.57746505737305,6.440335750579834,36.07590103149414,79.498046875,31.99830436706543,22.654468536376953,68.54170989990234,49.45881271362305,-5.601132869720459,2.412083864212036,-15.678688049316404,-21.95911979675293,-3.993686676025391,95.78168487548828,42.7382698059082,-9.100963592529297,-24.56392478942871,8.393229484558105,20.263717651367188,-27.915773391723636,20.97808265686035,12.760311126708984,9.6473388671875,21.26060104370117,17.56602668762207,-8.962115287780762,-17.776636123657227,-30.47641372680664,-46.014930725097656,-96.40642547607422,22.42791175842285,22.74005126953125,15.01374626159668,-18.4570369720459,15.368535995483398,-34.79644775390625,3.4525041580200195,-2.030367136001587,16.79770278930664,-18.85028839111328,69.77201843261719,67.25997924804689,69.69844818115234,65.95340728759766,63.90472793579102
-68.35137176513672,-47.32866668701172,-10.660748481750488,-17.210674285888672,15.15765380859375,-85.32388305664062,38.7799072265625,56.21023941040039,-29.358064651489254,-38.13444900512695,-16.120960235595707,-16.63747215270996,-26.433086395263672,-78.97481536865234,-15.669317245483398,10.370614051818848,24.35870933532715,-8.439591407775879,-3.037614107131958,46.20051193237305,69.55200958251953,0.5910353660583496,8.805858612060547,66.03964233398439,44.73168182373047,-14.408881187438965,2.7034943103790283,39.99959945678711,-6.740025520324707,-12.688640594482422,93.07984924316406,-2.9080777168273926,5.572006702423097,20.47812843322754,24.744037628173828,1.7811720371246338,-46.63662338256836,37.09429931640625,0.30143919587135315,2.744816303253174,13.947097778320312,65.36568450927734,-24.7160701751709,-4.543964862823486,10.237455368041992,-6.3437323570251465,-37.61349105834961,47.30751037597656,15.071137428283693,46.11040115356445,11.862897872924805,47.75358581542969,-16.233642578125,42.333587646484375,-5.401229381561278,28.21004295349121,29.71086311340332,74.16902160644531,44.3922119140625,42.90365219116211,98.58329010009766,70.31960296630861
-41.239173889160156,-36.231346130371094,8.018160820007324,-29.044681549072266,-2.452333688735962,-74.27732849121094,59.311424255371094,68.12519073486328,-22.416826248168945,-57.32902526855469,2.441825151443481,7.813742160797119,2.85996675491333,-115.6339340209961,64.50017547607422,-11.294477462768555,15.77816104888916,15.027743339538574,58.21239471435547,103.42821502685548,-39.00428009033203,14.870121002197266,40.79887008666992,66.63334655761719,10.421117782592773,50.17136001586914,-22.72946548461914,-6.742482662200928,5.915371894836426,-13.712239265441895,49.15760040283203,-1.2797333002090454,51.418800354003906,85.23558044433594,73.32817840576172,5.6669697761535645,14.71819019317627,72.2278060913086,53.12708282470703,73.6178207397461,56.91367721557617,22.46967315673828,-1.5893818140029907,4.071439743041991,-17.461814880371097,32.20725631713867,-63.76065063476562,-6.455190658569336,-31.93248176574707,-38.44838333129883,-25.725086212158203,43.56367111206055,-64.26968383789061,-33.892608642578125,44.16276550292969,-15.829647064208984,-0.6864064335823059,81.61507415771484,8.831643104553223,9.548491477966307,42.5051383972168,24.76482582092285
-37.63524627685547,-32.697513580322266,35.461830139160156,-22.198781967163086,5.855731964111327,-79.20588684082031,17.229984283447266,11.434855461120605,-7.219680309295653,-32.05839157104492,-15.066564559936525,0.9739786982536316,53.23332214355469,-12.086793899536133,64.91851043701172,0.1321248859167099,40.14487838745117,58.53141403198242,2.8731598854064937,108.66986846923828,13.895086288452148,11.361550331115724,85.2376480102539,29.15696144104004,20.092674255371094,31.43371772766113,5.5341010093688965,-11.696303367614744,-1.7550126314163208,6.2855963706970215,45.87718200683594,-29.07656478881836,54.80646514892578,39.893836975097656,69.16088104248047,42.989234924316406,55.55971145629883,74.27023315429688,39.35918426513672,60.06569290161133,18.81427383422852,11.9100923538208,6.931957721710205,-20.68662643432617,-63.4057731628418,33.98859405517578,78.95343780517578,-2.3515784740448,-7.1034135818481445,22.67253303527832,-8.189552307128906,-3.8220059871673584,-29.57370567321777,20.83368682861328,1.29855215549469,-36.71852111816406,-86.5921630859375,1.188725233078003,-36.96644973754883,11.874349594116213,64.60060882568361,-18.100265502929688
-7.205924034118652,-22.471235275268555,-3.246131181716919,-30.879417419433594,-20.528398513793945,-82.33235931396484,8.131755828857424,-4.889512062072754,12.064817428588867,-3.9975123405456543,-17.394218444824222,17.201374053955078,52.83670043945313,68.56044769287111,19.87590980529785,23.80370140075684,13.291180610656738,66.15779876708984,62.8242073059082,116.78631591796876,77.33959197998047,7.890530586242676,34.33599853515625,65.01408386230469,52.53861999511719,-4.278176784515382,-19.660192489624023,-24.24264717102051,-2.9272103309631348,3.611918449401856,68.66532897949219,45.1580696105957,25.451269149780273,59.792442321777344,74.1259994506836,101.04812622070312,61.96623992919922,77.03556823730469,60.2869873046875,51.74113464355469,23.405406951904297,21.64035415649414,-45.20724105834961,-15.223888397216795,32.25441360473633,-37.79856872558594,-14.734994888305664,18.369081497192386,-19.5570011138916,14.929156303405762,-27.9876708984375,-57.41009902954102,-43.36617660522461,5.836111545562744,-95.5631866455078,-25.64131736755371,-30.95456886291504,27.63126945495605,-9.757013320922852,-49.41950225830078,-46.366493225097656,31.103822708129886
20.7518310546875,-7.137496471405028,16.544254302978516,-30.701251983642575,22.778230667114254,-83.64784240722656,-7.382838249206543,3.5304183959960938,-13.657018661499025,-23.82301139831543,29.139190673828125,11.941754341125488,7.491657733917236,36.86036682128906,52.9708137512207,33.31979751586914,35.294681549072266,27.079822540283203,81.9438247680664,76.95246124267578,53.45154190063477,14.154520034790039,-17.594945907592773,33.23215103149414,22.38099670410156,-6.753121376037598,19.01827621459961,1.5430809259414673,5.642237663269043,19.475379943847656,3.886842012405396,-8.744342803955076,47.56404113769531,54.41430282592773,1.7175124883651731,32.157493591308594,3.5245177745819087,96.368408203125,2.2516062259674072,20.294384002685547,-1.0303404331207275,-58.75003433227539,-74.01464080810547,33.580429077148445,-8.189712524414062,-100.65046691894531,-65.48312377929689,31.65087509155273,-71.82275390625,-51.81909942626953,-10.673263549804688,-28.324920654296875,-64.43966674804689,-12.204689025878904,-44.79572296142578,7.07047700881958,7.509470462799072,35.58017349243164,13.577215194702148,11.18570613861084,39.65171432495117,-2.213931083679199
-15.38673496246338,-27.222278594970703,36.95105743408203,2.286963939666748,25.37591361999512,-22.884145736694336,14.65365982055664,18.784603118896484,-43.529598236083984,-59.15420913696289,8.529165267944336,-38.19099807739258,-4.30692195892334,-56.332374572753906,-2.8844809532165527,79.06873321533203,51.63749694824219,15.63593578338623,41.21987533569336,107.09989166259766,31.70538711547852,35.847076416015625,18.273866653442386,39.849945068359375,-2.487527370452881,0.07867846637964249,-3.4942443370819087,-9.065028190612793,8.613811492919924,11.45297145843506,26.678977966308594,-45.39141845703125,-36.99562454223633,36.41567993164063,22.78143310546875,7.970458984375,-115.5677719116211,33.31947708129883,37.91587829589844,47.52423095703125,-2.103050708770752,-45.83374786376953,6.419365882873535,-42.98439407348633,-6.918076038360597,-5.639910697937013,-73.86753845214844,11.974907875061035,-13.952227592468262,-45.72820281982422,-30.59925842285156,4.65786075592041,-68.88116455078125,-37.07033157348633,-48.1578140258789,36.911842346191406,-3.2453022003173833,46.872108459472656,-3.177339792251587,28.53486251831055,-79.10778045654297,18.28915023803711
-31.90275764465332,-73.34848022460938,-35.3387451171875,-21.15447807312012,74.08938598632812,-18.32176399230957,12.401485443115234,43.06632614135742,-41.49055862426758,-57.39750671386719,10.736102104187012,-2.8713915348052983,31.14736557006836,-26.714269638061523,30.51432228088379,27.55268859863281,31.093175888061523,38.86793518066406,35.53566360473633,68.06703948974611,-12.227303504943848,-5.528514862060547,14.604418754577635,47.80254745483398,-11.40176010131836,-67.031494140625,8.435737609863281,43.57539749145508,-6.227998733520508,-10.411418914794922,10.395004272460938,-5.1391563415527335,-15.158302307128904,51.74242401123047,-56.63338851928711,10.070406913757324,-99.34235382080078,-13.79382038116455,-9.20083236694336,-37.78912734985352,19.76468086242676,11.235507011413574,-11.341560363769533,-28.21386528015137,-36.31808090209961,52.68761825561523,-50.724891662597656,-13.216937065124512,41.57240295410156,25.95526885986328,-17.166547775268555,16.543973922729492,-39.7036018371582,23.54241371154785,-2.561828851699829,27.892444610595703,84.93547058105469,83.797607421875,41.33874893188477,44.358585357666016,-34.339527130126946,76.58873748779297
-39.32881546020508,-38.09075927734375,-23.30489730834961,-40.011009216308594,52.40922927856445,-62.06557083129883,53.11095809936523,34.410816192626946,11.535968780517578,-30.82476806640625,44.162025451660156,23.260969161987305,16.139638900756836,42.20685195922852,23.763511657714844,-12.391748428344727,45.47406768798828,21.354724884033203,-65.60288238525389,79.0206069946289,13.587013244628904,10.46774673461914,30.1088981628418,54.62939834594727,-23.243635177612305,36.73751449584961,-25.02010726928711,-42.454925537109375,25.43717193603516,5.305817127227783,-25.18869209289551,-8.425685882568361,-20.99005889892578,4.0404863357543945,-25.08512306213379,36.80391693115234,-35.74967575073242,65.10983276367189,76.82830047607422,0.373462051153183,14.54687786102295,30.67989730834961,9.070627212524414,-71.37909698486328,-45.7827377319336,43.13095474243164,-99.73567962646484,41.382415771484375,41.31349182128906,7.9873199462890625,14.981830596923828,-20.96185874938965,-53.18058776855469,-22.096477508544922,10.465173721313477,-5.1425371170043945,-0.06777933984994887,42.0422477722168,21.319482803344727,42.36064147949219,85.58761596679688,24.076356887817386
-18.474388122558594,-54.77230072021485,-12.59603786468506,-21.439943313598636,36.52383041381836,-101.68721771240234,114.59367370605469,57.71501922607422,-18.770103454589844,-29.84482765197754,24.151201248168945,25.802038192749023,-69.09129333496094,-50.88045883178711,11.41672420501709,-36.1287841796875,20.34494972229004,5.625520706176758,58.86892700195313,48.4092788696289,51.36605453491211,31.869728088378906,2.9595298767089844,16.234708786010742,21.83547592163086,-31.910179138183594,16.57164192199707,14.318279266357422,31.428327560424805,28.01774597167969,-66.72900390625,-19.39263916015625,-51.25403594970703,-55.07087326049805,-45.52076721191406,-42.40453338623047,-59.383995056152344,15.215950012207033,-40.54618835449219,-15.815547943115234,46.3494987487793,22.46467399597168,-9.758541107177734,-11.556356430053713,-33.58670425415039,6.836857318878174,0.6651322841644287,18.478172302246094,14.78427505493164,40.52262878417969,8.061009407043457,69.68284606933594,23.72173309326172,12.674215316772461,125.79006958007812,1.2636798620224,7.369589805603027,49.6592788696289,67.10788726806639,36.220314025878906,64.14717864990234,24.68105506896973
7.078828811645508,1.5351393222808838,-1.2163628339767456,-0.9786300063133241,0.7935557961463928,-6.480469226837157,2.438595771789551,-1.5560308694839478,-2.037803649902344,-3.185208797454834,-2.515526294708252,-3.5104551315307617,-5.057336330413818,-3.653357744216919,-3.495444059371948,-4.967233180999756,-5.3376336097717285,-3.857087850570679,-0.14938248693943024,-1.52446186542511,3.5361132621765137,5.113470554351807,-2.5927376747131348,-2.686311960220337,-3.0975167751312256,-2.1216742992401123,0.3582456409931183,-0.5331169366836548,5.9422149658203125,2.22847318649292,-2.4344966411590576,0.2591529786586761,-4.0134615898132315,-5.359420299530028,-6.9576568603515625,-7.336563587188722,-8.342621803283691,5.636136054992676,2.822682857513428,-0.017993398010730743,4.903562545776367,4.1679768562316895,-1.5069574117660522,-2.7757327556610107,-4.191338062286377,-1.5240339040756226,-4.3835954666137695,4.521900653839111,4.565751552581787,0.3757050633430481,-1.7514190673828125,8.517786979675293,0.0531541183590889,3.646445035934448,5.691831588745117,1.5807576179504397,3.459147691726685,6.3299827575683585,10.345733642578123,0.9681824445724488,5.058211326599121,10.402521133422852
42.02228546142578,8.959338188171387,4.426159381866455,-0.3785261511802673,-14.493468284606935,-23.456193923950195,42.644779205322266,26.667863845825195,-8.544525146484375,-25.141624450683594,-80.06990814208984,-82.07483673095703,-2.397451639175415,-30.861957550048828,-15.402918815612793,-25.672119140625,0.3754534721374512,-29.18071746826172,-24.04458236694336,-23.688894271850586,-34.51558303833008,17.502201080322266,-9.20249843597412,61.26351547241211,30.92655944824219,23.31970596313477,-18.374282836914066,-12.076688766479492,34.99230194091797,26.574909210205078,-10.167157173156738,17.869638442993164,-25.17547416687012,7.162796974182129,-77.50204467773438,-71.3060073852539,-73.96549224853516,19.155349731445312,-16.41121482849121,13.03184700012207,29.836769104003906,29.46767425537109,-4.2445268630981445,-8.363017082214355,21.88605117797852,-49.54486846923828,-41.62101364135742,45.05200958251953,15.395553588867188,15.24589729309082,-17.427705764770508,75.24653625488281,1.437268614768982,-16.88129997253418,63.9693717956543,-9.69912815093994,78.52019500732422,-36.83140182495117,-0.2936023771762848,-83.41120910644531,-40.03683853149414,30.424419403076172
34.10268020629883,56.81584167480469,-61.15917587280274,-11.779717445373535,-53.54720687866211,-13.7488374710083,-16.042688369750973,16.267751693725586,-30.986774444580078,4.9968976974487305,15.001056671142578,16.997854232788086,-38.41615676879883,-32.850738525390625,5.407577037811278,-14.73024845123291,-54.84953308105469,53.9907455444336,-3.226648092269897,37.67265319824219,34.38406753540039,43.99974822998047,45.89685821533203,7.615907192230225,-86.86009216308594,-12.626057624816895,-12.056493759155273,0.3369879722595215,28.930419921875,31.085163116455078,36.109352111816406,19.99624252319336,-19.826753616333008,-38.48025894165039,-57.74790573120117,-12.83573055267334,-20.758487701416016,36.96320343017578,20.0722713470459,-25.06033134460449,0.8737050294876099,21.1654052734375,-13.75192928314209,-81.30512237548828,0.33567067980766296,-75.68791961669922,-71.10090637207031,13.721634864807127,22.97833633422852,24.56015968322754,75.9013900756836,52.96974563598633,2.3504433631896973,-38.18537139892578,-37.66897201538086,-8.351036071777344,22.7888240814209,-18.32883644104004,38.96868515014648,-22.314674377441406,36.90760803222656,-18.70001220703125
-41.517677307128906,11.506900787353516,-36.17621612548828,-55.884971618652344,-54.97885131835938,0.6874622106552124,-60.81970596313477,-73.6822509765625,-28.84249496459961,-8.725760459899902,25.753215789794922,30.99911499023437,-6.145161151885986,1.647541642189026,-12.02956771850586,-7.274290561676025,-52.14070129394531,19.74098777770996,15.357394218444824,30.4208984375,16.051376342773438,19.81862068176269,46.13128662109375,14.978610038757324,-7.794838428497314,63.28252792358398,-19.26716423034668,3.8673150539398193,17.673263549804688,14.838082313537598,126.20832824707031,103.29015350341795,1.9283387660980225,-39.00690460205078,27.925539016723636,-23.25908279418945,-50.9943962097168,32.907684326171875,-11.727999687194824,24.639537811279297,-9.301584243774414,21.249807357788086,-20.293184280395508,-32.45504379272461,-25.619834899902344,-105.15618896484376,-2.167478084564209,11.537837028503418,48.45407485961914,142.28656005859375,98.21381378173828,50.38006210327149,6.2240047454833975,74.8158187866211,62.05406188964844,8.46483325958252,4.959575653076172,8.8745698928833,19.54157257080078,5.8710570335388175,17.671485900878906,52.48477554321289
-71.8170166015625,-41.44362258911133,-30.47903251647949,-48.93667221069336,-41.9183349609375,29.73004913330078,-33.018272399902344,-20.7264404296875,-64.96231079101561,-43.66767501831055,13.309146881103516,12.26919937133789,2.87489914894104,-8.559651374816895,11.65378475189209,-47.23550033569336,0.980052411556244,33.812877655029304,56.2288818359375,41.81768798828125,39.93949508666992,6.220870018005371,43.47877502441406,47.77925491333008,40.992454528808594,12.262657165527346,8.462538719177246,11.176806449890137,8.97408390045166,11.70307445526123,59.235618591308594,49.4888687133789,-19.340139389038086,-4.04140567779541,6.892727851867676,31.149627685546875,-22.289264678955078,-3.858476638793945,20.489696502685547,37.39313125610352,17.46396255493164,117.8697509765625,31.79383850097656,-13.455284118652346,52.3418960571289,17.410636901855472,-8.195501327514647,-26.03990173339844,20.3072509765625,33.83219146728516,75.8996810913086,-36.19705581665039,60.7393798828125,23.979402542114254,16.337791442871097,6.7743568420410165,46.357627868652344,-48.30142211914063,46.37779235839844,9.209306716918944,97.35057830810548,22.194730758666992
-33.41586685180664,-9.615896224975586,-9.774368286132812,-13.563359260559082,-51.81252670288086,29.20946502685547,-36.785743713378906,-54.721923828125,-27.288991928100586,-20.391441345214844,5.435843467712402,13.941661834716795,-49.0173454284668,-0.5147527456283569,9.691360473632812,-39.69520950317383,-28.78374481201172,-1.074160933494568,22.035934448242188,-40.428524017333984,54.57978439331055,24.793479919433594,23.84598159790039,58.48149871826172,13.971768379211426,2.7320268154144287,-7.6055588722229,38.3906135559082,-24.836971282958984,-14.233556747436525,-19.121273040771484,25.65463638305664,22.924150466918945,54.97814178466797,17.701868057250977,33.35068893432617,-6.084430694580077,-41.31695175170898,75.90319061279297,24.133060455322266,6.007434844970702,61.22278213500977,18.082782745361328,5.5362548828125,32.798377990722656,10.978745460510254,34.213611602783196,-39.31548309326172,22.95567512512207,-31.630603790283203,54.6972770690918,-25.65263557434082,66.39053344726561,-38.797828674316406,29.55851745605469,-26.81093788146973,43.5822868347168,-53.93172836303711,97.88396453857422,11.495184898376465,62.245277404785156,-5.068916320800781
-86.10254669189453,-63.96927261352539,24.78327369689941,26.74273681640625,-35.8242073059082,24.147403717041016,10.212181091308594,-4.717257499694824,16.427682876586914,22.54493522644043,-22.85348129272461,-1.5180622339248655,-23.07015609741211,-22.788047790527344,33.23253631591797,-0.8613423109054565,4.992292881011963,-19.749589920043945,9.34402084350586,-17.534847259521484,38.44314575195313,35.46356201171875,-20.693782806396484,46.41988754272461,51.828880310058594,53.465370178222656,15.381318092346193,30.72511863708496,-12.193418502807615,6.7233099937438965,31.02581024169922,58.85625457763672,-61.64108276367188,31.73196792602539,20.75577545166016,-8.054651260375978,5.816479682922362,-45.74267578125,-20.09205436706543,26.768442153930664,28.197105407714844,48.9906005859375,44.06146240234375,21.51646423339844,71.96172332763672,-43.13266372680664,24.4626407623291,-0.6503825783729553,-6.828932762145996,-10.581869125366213,0.03159528970718384,-48.33430862426758,97.33028411865234,-32.951568603515625,71.52632141113281,-37.06267166137695,55.43121719360352,-65.75326538085939,10.29314136505127,-39.52103805541992,13.998449325561525,-14.084134101867676
-54.71647644042969,-65.94271087646484,54.27288436889648,60.96486282348633,-8.705917358398438,1.613027811050415,26.73206329345703,33.18548583984375,28.031452178955078,14.842299461364744,-54.37060165405274,12.972647666931152,28.58741950988769,33.098743438720696,-5.3900346755981445,21.756391525268555,2.955465078353882,69.66468811035156,-80.76499938964844,-29.96258354187012,30.328350067138672,54.21283340454102,43.83595657348633,42.7234001159668,-5.942801475524902,82.96244049072266,-17.227411270141598,-14.024250984191895,-0.25260159373283386,24.126976013183594,-1.0882163047790527,84.03726959228516,-61.22577285766602,-58.95590209960938,-22.719318389892575,3.5198578834533687,-31.4505615234375,-17.586233139038086,-22.333059310913086,-51.12001037597656,16.007644653320312,-12.33344554901123,19.35968589782715,28.79101181030273,-3.761128902435303,-11.10552978515625,21.278541564941406,-2.5730786323547363,54.06470489501953,-34.105308532714844,23.47832107543945,-62.37399673461914,42.20280075073242,-81.25845336914062,14.97781753540039,-19.618989944458008,25.15297698974609,-86.53624725341797,-11.275894165039062,-52.34207534790039,35.97682189941406,-88.6587905883789
-17.835973739624023,-31.57665252685547,59.20187759399414,58.68256759643555,-1.4518245458602903,-15.00245189666748,20.14628791809082,19.58208465576172,27.4359188079834,4.360962390899658,-19.925737380981445,-17.92458152770996,-0.18607333302497864,17.389837265014652,0.5931032299995422,26.86585998535156,3.3226635456085205,-6.532753944396973,-70.44354248046875,-82.58500671386719,16.862707138061527,63.61650085449219,-3.2298161983489986,-17.844505310058594,58.09219360351562,40.30708312988281,8.607817649841309,9.367534637451172,-19.911640167236328,10.284940719604492,10.509961128234863,53.35815811157226,-46.09175491333008,9.98166561126709,-34.38211441040039,25.38151550292969,-63.14413070678711,-36.39492416381836,6.913558006286621,-27.878995895385746,14.807574272155762,49.028236389160156,11.373920440673828,26.677234649658203,28.446399688720703,-5.829580307006836,11.1368989944458,-17.017314910888672,31.12850570678711,-79.02426147460938,5.5924272537231445,-98.9037094116211,19.968772888183594,-71.15104675292969,-7.3572893142700195,-15.886819839477539,8.346062660217285,-36.232460021972656,8.951070785522461,-9.22329330444336,48.14396667480469,-11.216507911682127
-25.58991622924805,-42.2370491027832,44.82241821289063,38.70589828491211,8.904260635375977,-13.91142749786377,2.7134435176849365,24.561681747436523,10.511348724365234,15.013705253601074,-21.9100284576416,8.728744506835938,17.26347541809082,-23.72280502319336,-31.258039474487305,16.521331787109375,18.542442321777344,-1.0564696788787842,-54.56396865844727,-9.058290481567383,2.8963403701782227,11.03210163116455,-35.16614532470703,6.988910675048827,3.970585584640503,26.307395935058594,6.072214603424072,8.315255165100098,-4.54080867767334,-23.87907218933105,30.1934814453125,40.1856689453125,-33.94013214111328,-0.4175631105899811,-27.197254180908203,34.844066619873054,-73.62438201904297,-33.52008438110352,4.731642723083496,-15.977742195129395,-16.782487869262695,24.10985565185547,19.27801322937012,38.684730529785156,14.973747253417967,48.93356323242188,-21.067466735839844,-28.028621673583984,3.5809595584869385,6.784085273742676,33.316070556640625,-41.60688781738281,-30.659269332885746,-75.18614196777344,31.82624435424805,34.69377899169922,50.70542907714844,17.93451690673828,27.475574493408203,-17.553300857543945,54.124671936035156,7.33357048034668
-69.54408264160156,-79.01737213134766,7.622661113739014,-18.39333152770996,-9.979145050048828,-28.32791519165039,8.7738037109375,42.38984680175781,-23.751209259033203,13.074228286743164,25.599666595458984,25.35957145690918,22.90068054199219,65.64415740966797,-3.6599030494689937,23.84987831115723,15.46472454071045,38.21408462524414,19.79378318786621,60.60901641845703,-27.29877471923828,37.04478454589844,-5.432952404022217,48.914894104003906,-25.762378692626953,6.909831523895264,-5.369811534881592,11.2586030960083,-4.1425795555114755,-7.286159992218018,55.33757400512695,65.00537872314453,-25.560197830200195,15.48871612548828,15.442540168762207,16.940925598144528,-18.148681640625,-3.8068106174468994,-7.1126346588134775,14.237767219543455,34.860733032226555,10.29146671295166,3.604410409927368,37.297584533691406,-9.624105453491213,39.2060661315918,59.94197082519531,-18.17840385437012,-3.941882133483887,24.92568016052246,11.906850814819336,45.82709121704102,63.92760848999024,-17.890880584716797,50.33428192138672,-6.82515811920166,37.12968444824219,-4.616828441619873,28.62425804138184,-1.53831684589386,72.2069091796875,-14.326252937316895
-139.44718933105472,-98.75904846191406,-33.257884979248054,-40.23947525024414,4.834344863891602,-40.0262565612793,48.93551635742188,8.108098983764647,-15.507391929626465,6.210118770599365,45.19876480102539,14.95013427734375,36.68566513061523,45.23974609375,29.29743766784668,-1.2599838972091677,84.45816040039062,-8.937484741210938,42.81335830688477,96.35828399658205,-25.80349159240723,-10.04354763031006,-33.75252914428711,23.25012016296387,-13.639741897583008,-14.877866744995115,9.055991172790527,65.50982666015625,-9.86113166809082,12.583763122558596,82.0662612915039,58.62552261352539,-41.84648513793945,6.402981281280518,-6.3981380462646475,-26.734603881835934,-11.078299522399902,-59.71078109741211,-1.0450692176818848,48.6099739074707,39.31110382080078,13.149358749389648,-5.650743007659912,-5.176827430725098,-43.22153854370117,96.58972930908205,8.443395614624022,-4.619451999664307,44.919166564941406,99.27503967285156,-1.523364543914795,97.1019058227539,14.548175811767578,61.92376327514648,94.33434295654295,-24.874645233154297,52.18215942382813,8.753551483154299,57.58301544189453,36.89714431762695,42.23196411132813,33.121871948242195
-43.63081741333008,-30.917072296142575,-18.240440368652344,1.1526299715042114,49.26310729980469,-25.885757446289066,35.84315872192383,15.205366134643555,-2.289222002029419,23.2131462097168,2.968456268310547,59.6031265258789,64.559814453125,-5.833162784576416,23.83382606506348,26.40288352966309,12.180007934570312,2.688196897506714,18.719396591186523,107.75267028808594,26.06789588928223,33.952011108398445,-3.4415416717529297,-5.171082973480225,-23.219501495361328,15.90440559387207,21.346097946166992,37.60973739624024,-35.204402923583984,-17.744089126586914,10.76907730102539,30.281219482421875,2.73023009300232,39.433441162109375,7.0500168800354,21.926517486572266,-8.923677444458008,-10.72142505645752,-1.1477559804916382,-44.26391220092773,-10.536081314086914,-51.2425537109375,-46.50706100463867,7.198383331298827,-12.195302963256836,55.52016067504883,23.64609718322754,-2.0849721431732178,-5.371321678161621,18.880523681640625,-28.21828842163086,-59.4996337890625,31.58198165893555,-4.3693628311157235,-25.63345718383789,-21.101837158203125,-43.18510055541992,-19.672414779663086,8.196420669555664,2.246157646179199,15.621888160705565,-21.070541381835934
-16.95320701599121,-70.96612548828125,36.91663360595703,32.982749938964844,81.62540435791016,-10.877456665039062,-8.48369026184082,14.231534004211426,-31.54025077819824,-20.338159561157227,15.79228401184082,30.137676239013672,54.99189758300781,2.54457688331604,29.90824890136719,12.34463596343994,51.37852096557617,-10.40827465057373,53.1907844543457,122.33899688720705,-5.126733303070068,27.608999252319336,-60.21687698364258,-29.753158569335934,-115.8399658203125,33.639049530029304,13.326992988586426,31.877424240112305,4.762728691101074,-23.1591911315918,85.12189483642578,38.389251708984375,0.9529404044151306,-6.322498321533202,18.873708724975586,40.28681182861328,53.14259338378906,-73.80205535888672,-76.08545684814453,-0.2283156812191009,-52.63459777832031,-79.25150299072266,-5.137765884399414,-0.7009531855583191,-17.307266235351562,-71.52046203613281,-14.566604614257812,-45.43452072143555,0.42852783203125,-15.304343223571776,-74.17178344726562,17.738868713378906,-7.789441108703612,8.864181518554688,-85.9615249633789,22.277912139892575,-14.4743013381958,4.590088844299316,-13.758282661437988,30.90637588500977,14.139067649841307,14.811460494995115
-39.069496154785156,-49.57760620117188,-12.828283309936525,5.057179927825928,74.10784149169922,16.294784545898438,56.78756713867188,27.831058502197266,-48.82154083251953,-34.16393280029297,17.66057586669922,13.571473121643065,31.65417861938477,-14.74454402923584,57.38558959960938,27.89081954956055,31.051469802856445,-28.52930450439453,37.74698257446289,42.113677978515625,-5.792328357696532,16.586849212646484,26.265094757080078,-24.946874618530273,-17.61204719543457,24.77827072143555,34.02343368530273,16.620849609375,-27.91689300537109,-35.33000946044922,33.193187713623054,7.268885135650635,61.009727478027344,-17.65717315673828,24.89580154418945,10.16714096069336,20.67695426940918,9.447928428649902,-93.22901153564452,35.93324661254883,-7.774048805236816,-64.57929992675781,55.17529678344727,22.947620391845703,-28.93216323852539,-92.82141876220705,-86.51715850830078,-36.14857864379883,-25.28324890136719,-25.64773368835449,-88.44450378417969,70.66796112060547,-66.95513916015625,-4.058219909667969,-54.7915153503418,64.59803771972656,-8.033868789672853,28.520174026489254,-35.860694885253906,59.60498809814453,-34.769607543945305,58.7695198059082
-46.48122787475586,-58.0877685546875,19.084192276000977,-39.7861213684082,12.039989471435547,-36.13726425170898,2.300572156906128,1.391571283340454,-50.09950256347656,-28.78289031982422,-30.7904109954834,-5.088677406311035,-37.713340759277344,-65.64105224609375,26.50096893310547,-5.81343936920166,-1.1879440546035769,5.61693000793457,52.28990936279297,82.07854461669922,48.89661407470703,69.39594268798828,22.981647491455078,-36.1696891784668,11.122891426086426,63.44941711425781,15.098895072937012,0.7317840456962585,7.901906490325928,-17.388965606689453,95.73506927490234,66.72087860107422,34.38683319091797,55.973045349121094,73.05209350585938,51.22444152832031,0.8452467918395996,5.332258224487305,-1.0884660482406616,44.55118179321289,35.815616607666016,61.39523696899414,34.94031143188477,-26.441097259521484,-1.0339944362640379,6.068138122558594,-39.611087799072266,-29.6037712097168,-20.008615493774414,33.779159545898445,-1.3998321294784546,39.3489875793457,4.10115385055542,63.64619827270508,-26.64148330688477,38.16780090332031,32.30767059326172,-1.0607854127883911,-32.896987915039055,20.413915634155273,-18.47654914855957,36.518550872802734
12.925864219665527,7.421204566955566,-1.3641320466995241,31.800392150878906,-36.8794174194336,-56.41679000854492,-34.91983413696289,-68.28374481201172,4.943070411682129,6.74383020401001,-37.433677673339844,-26.008153915405273,-9.210667610168457,28.816448211669922,-45.44963073730469,-16.400690078735348,3.8036718368530273,-68.2081298828125,-18.200098037719727,-39.47084045410156,60.5700798034668,32.595413208007805,-48.47291946411133,-43.0640754699707,66.90892791748047,-9.512126922607422,11.09995174407959,-3.4402561187744136,5.806992053985597,-25.243167877197266,99.34883880615234,70.22982025146484,58.54025268554688,27.211769104003906,65.83725738525389,46.03628921508789,69.91952514648439,65.09340667724611,-4.330758571624757,94.53093719482422,38.524192810058594,57.89568710327149,16.868963241577152,-52.93566513061523,-16.109745025634766,6.82819128036499,94.96092987060548,-8.56601619720459,-53.46078872680664,40.96180725097656,-3.583302974700928,0.38698866963386536,10.209538459777832,71.56787109375,-19.78080940246582,32.610122680664055,14.284494400024414,14.495473861694336,-70.4081802368164,-5.4842567443847665,-36.79792022705078,29.764047622680664
76.19325256347656,79.9276351928711,54.93354034423828,76.50654602050781,-31.86799621582031,-17.615333557128906,-98.1431655883789,-103.4095687866211,37.3774528503418,33.10668563842773,-24.49418640136719,-17.604772567749023,39.24880981445313,-50.88230895996094,-84.06719207763672,-37.6340217590332,-27.562015533447266,-23.95599365234375,-63.27743530273438,-136.26309204101562,0.6800636053085327,-3.6219563484191895,-35.16097640991211,-39.99542617797852,-45.07843780517578,-57.34382629394531,12.463725090026855,-6.96848201751709,-9.268399238586426,-7.63112211227417,46.68664169311523,26.27346229553223,13.384943008422852,2.305927276611328,101.24656677246094,70.92584228515625,115.91118621826172,21.651174545288086,6.6596312522888175,64.67610931396484,-15.160198211669922,10.884164810180664,33.53529739379883,-86.52104949951172,-44.15461349487305,-34.68351364135742,-32.26074981689453,-34.96310806274414,-29.399211883544922,18.31020164489746,-2.3191819190979004,-34.70862579345703,24.05509376525879,71.4464111328125,-36.83776473999024,-6.004300117492676,-27.19277191162109,54.31867980957031,-13.791754722595215,11.512514114379885,-78.73262023925781,-21.22528648376465
63.858360290527344,81.5660171508789,10.003037452697754,10.774724006652832,3.1640110015869136,44.96520233154297,-12.04114055633545,-23.675296783447266,9.575902938842773,24.671152114868164,35.31521224975586,17.62535285949707,7.531134605407715,-0.051381774246692664,-18.534257888793945,23.5390567779541,-4.639081001281738,-31.271974563598636,-17.41141128540039,-49.5549201965332,-6.195533752441406,-47.73827362060547,46.25377655029297,-16.750432968139652,-10.771342277526855,28.728273391723636,7.920020580291747,-2.4332919120788574,2.1363019943237305,12.446786880493164,22.49978828430176,-35.6680793762207,-16.909286499023438,-60.88866424560547,19.602205276489254,0.19411717355251312,80.70247650146484,-6.801987648010254,-53.186317443847656,9.866540908813477,-23.408824920654297,-62.87940979003906,-40.37288665771485,-52.37649536132813,-36.20514297485352,-11.607544898986815,-39.57272338867188,-9.119135856628418,-12.492921829223633,-15.867165565490724,7.491995334625244,32.005477905273445,-55.08993911743164,-2.9377377033233643,-16.299087524414062,12.725168228149414,-22.594200134277344,-16.657079696655273,-66.70759582519531,24.21985054016113,2.439294815063477,-2.273549318313598
9.143936157226562,8.053330421447754,4.725988864898682,4.400367736816406,-0.26713672280311584,67.12990570068361,3.782179832458496,11.396387100219727,-23.93617248535156,-16.49245834350586,32.58395767211914,50.16605758666992,48.01409149169922,46.52523803710938,-44.28060150146485,-6.213589191436768,-2.3294856548309326,35.3411865234375,8.501284599304201,-13.943050384521484,24.85429763793945,17.27867317199707,48.18930435180664,6.234143733978272,-4.986034393310547,48.59933090209961,-9.93852710723877,-0.002523359376937151,6.269608974456787,-2.437237024307251,-18.957521438598636,-25.218788146972656,-47.01239013671875,-1.2986462116241455,-37.249473571777344,9.046001434326172,5.0700201988220215,-12.281139373779295,-38.74992752075195,-32.85465621948242,-7.06787633895874,-51.38978958129883,-58.75396728515625,-27.42153549194336,-2.224656581878662,22.62159538269043,-28.920169830322266,38.71874237060547,7.926465034484862,-17.049829483032227,-20.73734474182129,90.30130004882812,-54.7336311340332,-42.66391372680664,7.577876091003418,11.072763442993164,-21.827272415161133,11.48375129699707,-45.2000846862793,27.774736404418945,27.7654972076416,-9.655251502990724
24.379283905029297,16.24250602722168,-21.2696533203125,-44.75837326049805,-13.198047637939453,76.22685241699219,14.582417488098145,8.858169555664062,-24.8238582611084,-28.42052459716797,28.128387451171875,7.088116645812987,16.023635864257812,5.787279605865479,-17.182968139648438,4.234575748443604,-25.248706817626953,25.94373321533203,24.74319648742676,-77.71670532226562,-15.494024276733398,-9.137908935546877,38.84912872314453,-52.47499465942383,39.53377914428711,-47.19303894042969,2.673440456390381,17.84307098388672,8.669685363769531,16.169029235839847,-142.05177307128906,-65.98774719238281,-16.930313110351562,32.41388702392578,-99.58328247070312,-99.91165924072266,-88.66384887695312,46.10780334472656,30.73153305053711,-39.82098007202149,-1.9023871421813965,-6.303751468658447,-27.49801445007324,-76.91967010498047,-2.5745220184326167,-10.408638954162598,-0.8584411144256592,9.60438632965088,4.167620658874512,-21.643930435180664,-7.127791404724121,74.85021209716797,-39.575439453125,-40.75446701049805,42.78002166748047,4.3167572021484375,-3.3259010314941406,60.17035293579102,60.50525283813477,62.95526504516602,70.84526824951172,-1.3289581537246704
68.55307769775389,56.056541442871094,-4.625709056854248,-27.3724365234375,-5.53241491317749,75.28257751464844,22.771684646606445,7.416920185089111,-15.093025207519533,-33.876724243164055,14.417430877685547,-17.7298526763916,-17.442127227783207,24.23152732849121,3.56372618675232,37.19319915771485,35.10384750366211,18.491117477416992,-58.4410514831543,-96.2530288696289,-71.05103302001953,-87.53935241699219,6.928969860076903,-18.010141372680664,-26.28976249694824,-70.58403778076172,2.173542261123657,6.761066913604736,-19.05568504333496,10.284197807312012,-150.09596252441406,-134.12266540527344,-10.764357566833496,-30.14504623413086,-89.29883575439453,-125.71050262451172,-115.6415786743164,17.565454483032227,13.918773651123047,-114.17192840576172,-48.05010986328125,-68.50873565673828,-6.370761394500732,-36.9080696105957,-18.33586311340332,32.8343505859375,59.36782836914063,19.044727325439453,33.86185836791992,24.3948917388916,1.8812319040298464,14.429055213928224,-11.657320976257324,-16.59084129333496,44.29347610473633,13.474327087402346,6.455036163330077,57.06533813476562,108.50987243652344,101.1064453125,63.30622100830078,-34.122344970703125
51.94328689575195,42.75474548339844,30.569133758544922,18.060033798217773,9.672842979431152,26.16119766235352,-6.312864303588867,26.437145233154297,-23.441747665405273,-33.68143844604492,52.10382843017578,4.781103610992432,21.968576431274414,-19.834318161010746,-1.8375401496887207,72.92608642578125,36.192325592041016,9.544954299926758,-43.18013000488281,-7.267660140991211,-43.750885009765625,-72.70171356201172,-25.39515495300293,-11.364412307739258,25.85841941833496,-22.103513717651367,-3.3832628726959233,8.751276016235353,11.940817832946776,12.07751750946045,-78.95590209960938,-91.8125991821289,-12.872931480407715,-81.49915313720703,-54.14579772949219,-125.0020980834961,-97.98683166503906,-18.854129791259766,-11.931657791137695,-105.59872436523438,-52.70205688476562,-95.2650375366211,14.800260543823242,7.920512676239014,-8.168682098388674,8.215948104858397,-2.612978935241699,14.167670249938965,42.81291580200195,-29.082075119018555,3.803117036819458,33.746261596679695,-59.10382461547852,7.563151836395264,34.939720153808594,16.688730239868164,29.323444366455078,66.8675537109375,77.41685485839844,52.23177719116211,65.02299499511719,-53.02716827392578
34.996768951416016,40.06512451171875,2.102762460708618,-1.421052098274231,-14.122974395751953,1.2328258752822876,48.07690811157226,34.61415481567383,16.03965950012207,-9.376559257507324,10.34600067138672,25.53473663330078,-37.4703483581543,-49.67039108276367,6.915971279144287,38.64684295654297,1.7598520517349243,13.979317665100098,5.17307186126709,-33.620864868164055,-20.846233367919922,-31.03871726989746,67.79795837402344,-37.69496536254883,12.98480987548828,52.81802749633789,-0.04228685051202774,7.905946254730225,9.727805137634276,-12.730765342712402,-82.05091857910156,-54.60641098022461,-10.504456520080566,-111.33295440673828,-58.11038208007813,-58.23521423339844,-41.46551513671875,-35.24195098876953,-0.19411729276180267,-56.82839584350586,-30.111726760864254,-95.67078399658205,-7.926584243774414,24.337114334106445,17.379474639892578,56.94306564331055,36.47765731811523,-19.7823486328125,39.93624114990234,-8.244268417358397,-20.468788146972656,-11.062056541442873,-52.4527587890625,-70.57967376708984,-0.3865834176540375,30.700103759765625,27.347341537475586,8.64957332611084,-10.967294692993164,41.13689422607422,-2.922121524810791,-91.62906646728516
66.16272735595703,89.39990234375,7.6909499168396,17.834714889526367,21.33097648620605,29.221147537231445,21.093908309936523,-3.3051109313964844,36.50468444824219,15.708291053771973,63.00087356567383,13.58950901031494,-1.5539166927337646,-6.390611171722412,-23.75893592834473,18.17110252380371,22.471797943115234,-16.291027069091793,-29.48908805847168,-71.71566009521484,-46.17225646972656,-28.017295837402344,-52.72277450561523,-28.79228210449219,24.783462524414066,-8.261855125427246,-1.169110894203186,-30.975849151611328,34.731239318847656,21.617656707763672,-110.052734375,-102.54741668701172,24.96087455749512,-78.4053726196289,3.1351113319396973,-75.23634338378906,7.672313213348389,-14.273187637329102,-27.15010643005371,-53.70558166503906,-9.58664608001709,-98.97908782958984,-10.88476848602295,31.43464088439941,-8.102164268493652,8.239434242248535,40.53453826904297,-7.237636089324951,3.20218825340271,-17.611785888671875,-70.78458404541016,-29.87302589416504,-36.482200622558594,-77.12838745117188,-55.6005744934082,-33.764053344726555,-26.387365341186523,-26.35692596435547,-43.702579498291016,18.641895294189453,-51.20784759521485,-80.87044525146484
68.04253387451172,85.62313079833984,14.46374225616455,52.1299057006836,-2.003323793411255,21.57608795166016,-5.028996467590332,15.119380950927734,40.2083740234375,18.57248878479004,16.408973693847653,-2.679296970367432,27.97397041320801,-2.452327013015747,-3.727828741073608,-27.3552303314209,47.769287109375,-15.749822616577148,-12.854935646057127,-25.68738174438477,-61.85631942749024,-12.390726089477539,-8.160104751586914,-28.60560417175293,-13.018181800842285,-44.30563354492188,-2.5306975841522217,-4.633962631225586,-7.681529998779298,-3.590394735336304,-127.97557067871094,-121.4495086669922,42.1315803527832,-18.416086196899414,-8.907050132751465,-78.21735382080078,45.05780029296875,-37.68561935424805,-14.2080717086792,-34.37331771850586,-22.5335750579834,-68.47819519042969,0.7346848249435425,-0.19943612813949585,-50.05062484741211,56.86211013793945,97.86162567138672,-26.55083274841309,-28.99306678771973,-59.92714309692383,-63.55287551879883,6.246977806091309,-60.65313720703125,-116.3459243774414,-36.56233596801758,-26.015460968017575,-42.34612274169922,-11.132611274719238,-16.727910995483402,42.16702270507813,-50.70683670043945,-98.45903778076172
29.12027931213379,59.40616226196289,3.670333385467529,-12.312908172607422,-32.98868179321289,-15.720319747924805,9.40162467956543,-24.055795669555664,49.50556564331055,26.32909393310547,11.418149948120115,-29.5796012878418,10.52838897705078,38.1519660949707,-8.774818420410156,1.799426555633545,37.37651824951172,21.273046493530273,41.027976989746094,-3.2552366256713867,-39.11412048339844,-70.26252746582031,42.01313400268555,-19.63785171508789,17.468278884887695,-25.49150657653809,15.925125122070312,19.548873901367188,-9.47463321685791,-5.739816665649414,-118.51746368408205,-86.4959487915039,90.91870880126952,17.821462631225586,54.998207092285156,-27.24526786804199,74.94513702392578,1.693608641624451,-18.221725463867188,36.03392791748047,-14.091507911682127,-71.73944091796875,1.4691101312637331,60.30454635620117,8.17442798614502,30.193471908569336,56.181724548339844,-35.339515686035156,-32.34744644165039,-79.09577941894531,-55.85445785522461,-5.5978593826293945,-53.02112197875977,-84.66278076171875,-52.50677108764648,-20.53846740722656,-14.011549949645994,3.7621643543243413,-21.998823165893555,39.21514129638672,-21.600753784179688,-53.5771369934082